,home,away,posesión_home,posesión_away,pases_home,pases_away,disparos_home,disparos_away,salvadas_home,salvadas_away
0,Eibar,Celta Vigo,50%,50%,210 of 393 — 53%,58% — 228 of 394,1 of 8 — 13%,50% — 3 of 6,3 of 3 — 100%,100% — 1 of 1
1,Granada,Athletic Club,40%,60%,249 of 370 — 67%,74% — 404 of 544,2 of 4 — 50%,22% — 2 of 9,2 of 2 — 100%,0% — 0 of 2
2,Cádiz,Osasuna,52%,48%,266 of 408 — 65%,61% — 227 of 375,3 of 12 — 25%,67% — 4 of 6,2 of 4 — 50%,100% — 3 of 3
3,Alavés,Betis,43%,57%,250 of 353 — 71%,78% — 366 of 470,2 of 7 — 29%,36% — 4 of 11,3 of 4 — 75%,100% — 2 of 2
4,Valladolid,Real Sociedad,40%,60%,197 of 300 — 66%,73% — 327 of 445,2 of 8 — 25%,25% — 2 of 8,1 of 2 — 50%,50% — 1 of 2
5,Villarreal,Huesca,65%,35%,497 of 609 — 82%,70% — 227 of 322,3 of 14 — 21%,30% — 3 of 10,2 of 3 — 66%,100% — 3 of 3
6,Valencia,Levante,44%,56%,316 of 400 — 79%,83% — 427 of 512,8 of 14 — 57%,42% — 8 of 19,6 of 8 — 75%,50% — 4 of 8
7,Villarreal,Eibar,58%,42%,375 of 485 — 77%,68% — 241 of 357,7 of 14 — 50%,33% — 4 of 12,3 of 4 — 75%,71% — 5 of 7
8,Getafe,Osasuna,55%,45%,303 of 485 — 62%,54% — 213 of 393,1 of 6 — 17%,30% — 3 of 10,3 of 3 — 100%,0% — 0 of 1
9,Celta Vigo,Valencia,51%,49%,375 of 469 — 80%,78% — 348 of 447,6 of 23 — 26%,33% — 3 of 9,2 of 3 — 66%,66% — 4 of 6
10,Huesca,Cádiz,70%,30%,533 of 637 — 84%,59% — 160 of 270,1 of 5 — 20%,67% — 4 of 6,2 of 4 — 50%,0% — 0 of 1
11,Granada,Alavés,56%,44%,313 of 428 — 73%,66% — 221 of 335,3 of 10 — 30%,60% — 3 of 5,2 of 3 — 66%,33% — 1 of 3
12,Betis,Valladolid,56%,44%,439 of 553 — 79%,74% — 323 of 438,5 of 15 — 33%,22% — 2 of 9,2 of 2 — 100%,80% — 4 of 5
13,Real Sociedad,Real Madrid,32%,68%,266 of 356 — 75%,86% — 640 of 741,1 of 6 — 17%,25% — 4 of 16,4 of 4 — 100%,100% — 1 of 1
14,Alavés,Getafe,47%,53%,204 of 365 — 56%,65% — 266 of 409,0 of 9 — 0%,36% — 4 of 11,4 of 4 — 100%,% — 0 of 0
15,Valencia,Huesca,48%,52%,312 of 418 — 75%,79% — 363 of 457,2 of 5 — 40%,24% — 4 of 17,3 of 4 — 75%,50% — 1 of 2
16,Elche,Real Sociedad,40%,60%,279 of 370 — 75%,81% — 455 of 559,2 of 5 — 40%,23% — 6 of 26,4 of 6 — 66%,100% — 2 of 2
17,Betis,Real Madrid,45%,55%,395 of 490 — 81%,84% — 494 of 591,5 of 15 — 33%,30% — 3 of 10,2 of 3 — 66%,60% — 3 of 5
18,Osasuna,Levante,41%,59%,207 of 336 — 62%,70% — 342 of 486,3 of 8 — 38%,40% — 4 of 10,1 of 4 — 25%,66% — 2 of 3
19,Eibar,Athletic Club,49%,51%,237 of 393 — 60%,61% — 245 of 401,1 of 7 — 14%,56% — 5 of 9,3 of 5 — 60%,0% — 0 of 1
20,Atlético Madrid,Granada,55%,45%,449 of 550 — 82%,73% — 324 of 445,9 of 16 — 56%,55% — 6 of 11,5 of 6 — 83%,33% — 3 of 9
21,Valladolid,Celta Vigo,54%,46%,301 of 421 — 71%,70% — 252 of 359,3 of 9 — 33%,20% — 1 of 5,0 of 1 — 0%,100% — 3 of 3
22,Cádiz,Sevilla,25%,75%,144 of 246 — 59%,89% — 672 of 756,5 of 12 — 42%,36% — 5 of 14,2 of 5 — 40%,80% — 4 of 5
23,Barcelona,Villarreal,57%,43%,634 of 723 — 88%,83% — 458 of 555,8 of 16 — 50%,20% — 1 of 5,1 of 1 — 100%,75% — 6 of 8
24,Real Sociedad,Valencia,65%,35%,458 of 571 — 80%,68% — 212 of 310,3 of 11 — 27%,56% — 5 of 9,4 of 5 — 80%,100% — 3 of 3
25,Getafe,Betis,31%,69%,179 of 306 — 58%,83% — 553 of 669,4 of 8 — 50%,20% — 2 of 10,2 of 2 — 100%,25% — 1 of 4
26,Villarreal,Alavés,59%,41%,490 of 596 — 82%,75% — 315 of 421,4 of 9 — 44%,38% — 3 of 8,2 of 3 — 66%,50% — 2 of 4
27,Huesca,Atlético Madrid,37%,63%,290 of 395 — 73%,84% — 576 of 682,3 of 9 — 33%,13% — 2 of 16,2 of 2 — 100%,100% — 3 of 3
28,Eibar,Elche,61%,39%,455 of 583 — 78%,67% — 251 of 374,4 of 11 — 36%,40% — 2 of 5,1 of 2 — 50%,100% — 4 of 4
29,Real Madrid,Valladolid,62%,38%,529 of 625 — 85%,75% — 285 of 378,5 of 15 — 33%,45% — 5 of 11,5 of 5 — 100%,80% — 4 of 5
30,Sevilla,Levante,64%,36%,527 of 613 — 86%,74% — 255 of 344,2 of 16 — 13%,33% — 1 of 3,1 of 1 — 100%,50% — 1 of 2
31,Athletic Club,Cádiz,72%,28%,470 of 594 — 79%,59% — 138 of 232,4 of 13 — 31%,33% — 1 of 3,1 of 1 — 100%,100% — 4 of 4
32,Celta Vigo,Barcelona,44%,56%,365 of 461 — 79%,84% — 497 of 591,3 of 10 — 30%,57% — 4 of 7,2 of 4 — 50%,100% — 3 of 3
33,Valladolid,Eibar,53%,47%,264 of 391 — 68%,63% — 219 of 350,2 of 8 — 25%,40% — 4 of 10,3 of 4 — 75%,50% — 1 of 2
34,Atlético Madrid,Villarreal,54%,46%,541 of 652 — 83%,84% — 456 of 546,0 of 13 — 0%,33% — 2 of 6,2 of 2 — 100%,% — 0 of 0
35,Real Sociedad,Getafe,54%,46%,299 of 435 — 69%,63% — 237 of 377,5 of 10 — 50%,20% — 1 of 5,1 of 1 — 100%,60% — 3 of 5
36,Elche,Huesca,51%,49%,450 of 545 — 83%,82% — 424 of 514,0 of 2 — 0%,22% — 4 of 18,4 of 4 — 100%,% — 0 of 0
37,Valencia,Betis,47%,53%,354 of 445 — 80%,82% — 416 of 508,2 of 5 — 40%,47% — 8 of 17,6 of 8 — 75%,100% — 2 of 2
38,Osasuna,Celta Vigo,40%,60%,223 of 350 — 64%,77% — 406 of 527,4 of 13 — 31%,33% — 3 of 9,3 of 3 — 100%,50% — 2 of 4
39,Alavés,Athletic Club,41%,59%,225 of 341 — 66%,71% — 352 of 493,3 of 8 — 38%,0% — 0 of 8,0 of 0 — %,66% — 2 of 3
40,Levante,Real Madrid,45%,55%,361 of 462 — 78%,82% — 465 of 569,4 of 11 — 36%,23% — 3 of 13,1 of 3 — 33%,100% — 4 of 4
41,Cádiz,Granada,42%,58%,247 of 341 — 72%,77% — 370 of 480,4 of 14 — 29%,38% — 5 of 13,4 of 5 — 80%,75% — 3 of 4
42,Barcelona,Sevilla,55%,45%,594 of 683 — 87%,86% — 487 of 567,5 of 12 — 42%,8% — 1 of 13,0 of 1 — 0%,80% — 4 of 5
43,Granada,Sevilla,52%,48%,327 of 428 — 76%,79% — 317 of 402,3 of 13 — 23%,38% — 3 of 8,3 of 3 — 100%,66% — 2 of 3
44,Celta Vigo,Atlético Madrid,51%,49%,400 of 512 — 78%,79% — 383 of 487,5 of 15 — 33%,44% — 4 of 9,2 of 4 — 50%,100% — 5 of 5
45,Real Madrid,Cádiz,75%,25%,590 of 699 — 84%,56% — 133 of 239,2 of 14 — 14%,29% — 4 of 14,3 of 4 — 75%,100% — 2 of 2
46,Getafe,Barcelona,28%,72%,143 of 256 — 56%,86% — 557 of 651,3 of 8 — 38%,14% — 1 of 7,1 of 1 — 100%,100% — 3 of 3
47,Eibar,Osasuna,52%,48%,250 of 417 — 60%,57% — 219 of 386,6 of 10 — 60%,25% — 2 of 8,2 of 2 — 100%,100% — 6 of 6
48,Athletic Club,Levante,52%,48%,335 of 435 — 77%,75% — 298 of 397,4 of 14 — 29%,17% — 1 of 6,1 of 1 — 100%,50% — 2 of 4
49,Villarreal,Valencia,62%,38%,556 of 628 — 89%,79% — 304 of 387,5 of 15 — 33%,27% — 3 of 11,2 of 3 — 66%,80% — 4 of 5
50,Huesca,Valladolid,66%,34%,504 of 625 — 81%,66% — 216 of 329,7 of 12 — 58%,50% — 2 of 4,1 of 2 — 50%,71% — 5 of 7
51,Alavés,Elche,47%,53%,350 of 445 — 79%,80% — 400 of 502,2 of 13 — 15%,43% — 3 of 7,1 of 3 — 33%,100% — 2 of 2
52,Betis,Real Sociedad,55%,45%,413 of 540 — 76%,69% — 311 of 449,1 of 7 — 14%,57% — 4 of 7,2 of 4 — 50%,100% — 1 of 1
53,Elche,Valencia,47%,53%,406 of 500 — 81%,84% — 466 of 554,2 of 3 — 67%,21% — 3 of 14,2 of 3 — 66%,0% — 0 of 2
54,Barcelona,Real Madrid,53%,47%,548 of 632 — 87%,86% — 493 of 570,4 of 10 — 40%,57% — 8 of 14,6 of 8 — 75%,75% — 3 of 4
55,Osasuna,Athletic Club,39%,61%,237 of 363 — 65%,75% — 424 of 569,1 of 6 — 17%,38% — 5 of 13,5 of 5 — 100%,100% — 1 of 1
56,Sevilla,Eibar,72%,28%,613 of 741 — 83%,68% — 201 of 295,3 of 21 — 14%,33% — 1 of 3,0 of 1 — 0%,100% — 3 of 3
57,Atlético Madrid,Betis,40%,60%,306 of 412 — 74%,84% — 510 of 610,6 of 13 — 46%,25% — 3 of 12,3 of 3 — 100%,66% — 4 of 6
58,Valladolid,Alavés,45%,55%,280 of 401 — 70%,77% — 376 of 488,1 of 5 — 20%,23% — 3 of 13,1 of 3 — 33%,100% — 1 of 1
59,Cádiz,Villarreal,25%,75%,166 of 265 — 63%,86% — 689 of 799,0 of 5 — 0%,29% — 2 of 7,2 of 2 — 100%,% — 0 of 0
60,Getafe,Granada,65%,35%,285 of 440 — 65%,45% — 106 of 235,1 of 10 — 10%,25% — 1 of 4,1 of 1 — 100%,100% — 1 of 1
61,Real Sociedad,Huesca,51%,49%,384 of 482 — 80%,76% — 351 of 459,5 of 12 — 42%,57% — 4 of 7,3 of 4 — 75%,40% — 2 of 5
62,Levante,Celta Vigo,58%,42%,434 of 551 — 79%,70% — 277 of 398,2 of 9 — 22%,27% — 3 of 11,2 of 3 — 66%,100% — 2 of 2
63,Eibar,Cádiz,72%,28%,561 of 713 — 79%,46% — 127 of 279,3 of 9 — 33%,67% — 4 of 6,2 of 4 — 50%,100% — 3 of 3
64,Real Madrid,Huesca,60%,40%,628 of 717 — 88%,84% — 407 of 487,6 of 13 — 46%,22% — 2 of 9,1 of 2 — 50%,33% — 2 of 6
65,Athletic Club,Sevilla,47%,53%,322 of 426 — 76%,80% — 380 of 473,5 of 16 — 31%,29% — 2 of 7,1 of 2 — 50%,60% — 3 of 5
66,Osasuna,Atlético Madrid,45%,55%,350 of 495 — 71%,80% — 475 of 596,3 of 8 — 38%,56% — 5 of 9,3 of 5 — 60%,66% — 2 of 3
67,Alavés,Barcelona,21%,79%,151 of 237 — 64%,88% — 775 of 876,3 of 4 — 75%,32% — 8 of 25,7 of 8 — 87%,66% — 2 of 3
68,Betis,Elche,59%,41%,616 of 693 — 89%,85% — 407 of 477,9 of 16 — 56%,50% — 2 of 4,1 of 2 — 50%,66% — 6 of 9
69,Celta Vigo,Real Sociedad,46%,54%,337 of 434 — 78%,81% — 418 of 517,1 of 8 — 13%,78% — 7 of 9,3 of 7 — 42%,100% — 1 of 1
70,Granada,Levante,30%,70%,143 of 231 — 62%,82% — 441 of 541,2 of 5 — 40%,21% — 4 of 19,3 of 4 — 75%,50% — 1 of 2
71,Valencia,Getafe,38%,62%,200 of 309 — 65%,74% — 368 of 498,4 of 8 — 50%,31% — 5 of 16,3 of 5 — 60%,75% — 3 of 4
72,Villarreal,Valladolid,59%,41%,480 of 578 — 83%,72% — 286 of 395,5 of 11 — 45%,9% — 1 of 11,1 of 1 — 100%,60% — 3 of 5
73,Elche,Celta Vigo,51%,49%,426 of 521 — 82%,82% — 409 of 496,0 of 7 — 0%,43% — 6 of 14,5 of 6 — 83%,% — 0 of 0
74,Huesca,Eibar,59%,41%,414 of 548 — 76%,70% — 271 of 388,5 of 14 — 36%,38% — 3 of 8,2 of 3 — 66%,80% — 4 of 5
75,Barcelona,Betis,59%,41%,566 of 647 — 87%,81% — 364 of 449,7 of 16 — 44%,50% — 6 of 12,4 of 6 — 66%,42% — 3 of 7
76,Sevilla,Osasuna,66%,34%,496 of 603 — 82%,70% — 216 of 307,0 of 8 — 0%,20% — 2 of 10,2 of 2 — 100%,% — 0 of 0
77,Atlético Madrid,Cádiz,67%,33%,715 of 788 — 91%,72% — 281 of 392,7 of 17 — 41%,30% — 3 of 10,3 of 3 — 100%,42% — 3 of 7
78,Getafe,Villarreal,46%,54%,299 of 427 — 70%,76% — 384 of 508,4 of 13 — 31%,56% — 5 of 9,2 of 5 — 40%,75% — 3 of 4
79,Real Sociedad,Granada,72%,28%,554 of 661 — 84%,63% — 160 of 256,7 of 20 — 35%,0% — 0 of 1,0 of 0 — %,85% — 6 of 7
80,Valladolid,Athletic Club,30%,70%,157 of 240 — 65%,80% — 439 of 551,3 of 6 — 50%,6% — 1 of 16,1 of 1 — 100%,66% — 2 of 3
81,Levante,Alavés,71%,29%,479 of 599 — 80%,65% — 157 of 240,5 of 17 — 29%,33% — 2 of 6,1 of 2 — 50%,80% — 4 of 5
82,Valencia,Real Madrid,35%,65%,262 of 341 — 77%,86% — 533 of 623,1 of 4 — 25%,38% — 6 of 16,5 of 6 — 83%,100% — 1 of 1
83,Osasuna,Huesca,55%,45%,400 of 549 — 73%,69% — 310 of 451,7 of 18 — 39%,83% — 5 of 6,4 of 5 — 80%,85% — 6 of 7
84,Levante,Elche,44%,56%,334 of 414 — 81%,83% — 437 of 527,5 of 13 — 38%,45% — 5 of 11,4 of 5 — 80%,80% — 4 of 5
85,Villarreal,Real Madrid,47%,53%,469 of 549 — 85%,87% — 544 of 627,0 of 12 — 0%,17% — 1 of 6,0 of 1 — 0%,% — 0 of 0
86,Sevilla,Celta Vigo,57%,43%,462 of 559 — 83%,77% — 321 of 417,10 of 15 — 67%,70% — 7 of 10,5 of 7 — 71%,60% — 6 of 10
87,Atlético Madrid,Barcelona,46%,54%,466 of 560 — 83%,87% — 568 of 651,2 of 9 — 22%,31% — 4 of 13,4 of 4 — 100%,50% — 1 of 2
88,Eibar,Getafe,51%,49%,205 of 356 — 58%,53% — 184 of 345,4 of 14 — 29%,38% — 3 of 8,3 of 3 — 100%,100% — 4 of 4
89,Cádiz,Real Sociedad,33%,67%,177 of 289 — 61%,81% — 469 of 577,0 of 2 — 0%,21% — 3 of 14,2 of 3 — 66%,% — 0 of 0
90,Granada,Valladolid,60%,40%,341 of 467 — 73%,63% — 197 of 312,6 of 16 — 38%,33% — 3 of 9,0 of 3 — 0%,83% — 5 of 6
91,Alavés,Valencia,34%,66%,185 of 280 — 66%,83% — 445 of 537,2 of 12 — 17%,38% — 5 of 13,3 of 5 — 60%,50% — 1 of 2
92,Athletic Club,Betis,41%,59%,293 of 393 — 75%,82% — 468 of 568,9 of 14 — 64%,14% — 1 of 7,1 of 1 — 100%,66% — 6 of 9
93,Valladolid,Levante,36%,64%,191 of 298 — 64%,77% — 409 of 528,4 of 10 — 40%,22% — 2 of 9,2 of 2 — 100%,75% — 3 of 4
94,Elche,Cádiz,47%,53%,342 of 422 — 81%,80% — 374 of 470,3 of 4 — 75%,33% — 2 of 6,1 of 2 — 50%,66% — 2 of 3
95,Valencia,Atlético Madrid,34%,66%,259 of 356 — 73%,83% — 581 of 696,2 of 5 — 40%,36% — 5 of 14,5 of 5 — 100%,100% — 2 of 2
96,Huesca,Sevilla,33%,67%,208 of 305 — 68%,83% — 516 of 623,1 of 5 — 20%,25% — 4 of 16,3 of 4 — 75%,100% — 1 of 1
97,Real Madrid,Alavés,67%,33%,529 of 631 — 84%,75% — 231 of 306,8 of 20 — 40%,50% — 5 of 10,4 of 5 — 80%,87% — 7 of 8
98,Barcelona,Osasuna,71%,29%,761 of 852 — 89%,74% — 256 of 344,10 of 20 — 50%,50% — 5 of 10,5 of 5 — 100%,60% — 6 of 10
99,Getafe,Athletic Club,51%,49%,240 of 378 — 63%,61% — 217 of 356,3 of 11 — 27%,40% — 2 of 5,1 of 2 — 50%,66% — 2 of 3
100,Celta Vigo,Granada,67%,33%,534 of 644 — 83%,68% — 218 of 320,7 of 17 — 41%,22% — 2 of 9,1 of 2 — 50%,57% — 4 of 7
101,Real Sociedad,Villarreal,55%,45%,401 of 515 — 78%,73% — 313 of 427,3 of 7 — 43%,11% — 1 of 9,1 of 1 — 100%,100% — 3 of 3
102,Betis,Eibar,63%,37%,427 of 581 — 73%,56% — 192 of 344,3 of 7 — 43%,44% — 4 of 9,3 of 4 — 75%,100% — 3 of 3
103,Athletic Club,Celta Vigo,51%,49%,406 of 526 — 77%,75% — 384 of 513,0 of 10 — 0%,67% — 4 of 6,2 of 4 — 50%,% — 0 of 0
104,Levante,Getafe,68%,32%,501 of 602 — 83%,62% — 178 of 287,8 of 12 — 67%,0% — 0 of 9,0 of 0 — %,62% — 5 of 8
105,Sevilla,Real Madrid,63%,37%,590 of 680 — 87%,78% — 313 of 403,2 of 12 — 17%,20% — 2 of 10,2 of 2 — 100%,100% — 2 of 2
106,Atlético Madrid,Valladolid,54%,46%,473 of 585 — 81%,79% — 397 of 505,4 of 14 — 29%,23% — 3 of 13,3 of 3 — 100%,50% — 2 of 4
107,Cádiz,Barcelona,18%,82%,116 of 204 — 57%,87% — 802 of 921,3 of 7 — 43%,38% — 8 of 21,8 of 8 — 100%,33% — 1 of 3
108,Granada,Huesca,48%,52%,324 of 444 — 73%,80% — 387 of 482,6 of 15 — 40%,44% — 7 of 16,4 of 7 — 57%,50% — 3 of 6
109,Osasuna,Betis,48%,52%,298 of 438 — 68%,72% — 336 of 469,0 of 10 — 0%,42% — 5 of 12,3 of 5 — 60%,% — 0 of 0
110,Villarreal,Elche,57%,43%,501 of 576 — 87%,80% — 351 of 440,3 of 12 — 25%,0% — 0 of 3,0 of 0 — %,100% — 3 of 3
111,Alavés,Real Sociedad,32%,68%,192 of 290 — 66%,80% — 485 of 606,1 of 5 — 20%,31% — 4 of 13,4 of 4 — 100%,100% — 1 of 1
112,Eibar,Valencia,63%,37%,387 of 524 — 74%,49% — 154 of 313,3 of 19 — 16%,67% — 4 of 6,4 of 4 — 100%,100% — 3 of 3
113,Valladolid,Osasuna,48%,52%,288 of 410 — 70%,68% — 304 of 450,5 of 10 — 50%,46% — 6 of 13,4 of 6 — 66%,60% — 3 of 5
114,Valencia,Athletic Club,41%,59%,226 of 333 — 68%,74% — 358 of 484,1 of 10 — 10%,33% — 4 of 12,3 of 4 — 75%,0% — 0 of 1
115,Getafe,Sevilla,26%,74%,153 of 235 — 65%,88% — 595 of 680,1 of 8 — 13%,0% — 0 of 8,0 of 0 — %,100% — 1 of 1
116,Huesca,Alavés,66%,34%,470 of 574 — 82%,64% — 191 of 297,3 of 11 — 27%,33% — 1 of 3,1 of 1 — 100%,66% — 2 of 3
117,Real Madrid,Atlético Madrid,56%,44%,625 of 699 — 89%,83% — 459 of 550,3 of 11 — 27%,20% — 1 of 5,1 of 1 — 100%,66% — 2 of 3
118,Real Sociedad,Eibar,49%,51%,254 of 390 — 65%,67% — 274 of 406,2 of 8 — 25%,25% — 4 of 16,3 of 4 — 75%,50% — 1 of 2
119,Betis,Villarreal,46%,54%,392 of 479 — 82%,82% — 452 of 552,5 of 11 — 45%,29% — 2 of 7,1 of 2 — 50%,80% — 4 of 5
120,Elche,Granada,67%,33%,480 of 578 — 83%,70% — 199 of 286,1 of 9 — 11%,38% — 5 of 13,4 of 5 — 80%,100% — 1 of 1
121,Barcelona,Levante,63%,37%,627 of 714 — 88%,79% — 326 of 413,13 of 24 — 54%,50% — 3 of 6,3 of 3 — 100%,92% — 12 of 13
122,Celta Vigo,Cádiz,61%,39%,494 of 593 — 83%,74% — 283 of 385,3 of 6 — 50%,17% — 2 of 12,2 of 2 — 100%,0% — 0 of 3
123,Real Madrid,Athletic Club,68%,32%,631 of 708 — 89%,75% — 250 of 332,5 of 18 — 28%,40% — 4 of 10,3 of 4 — 75%,40% — 2 of 5
124,Barcelona,Real Sociedad,53%,47%,442 of 537 — 82%,81% — 377 of 467,4 of 14 — 29%,42% — 5 of 12,4 of 5 — 80%,50% — 2 of 4
125,Athletic Club,Huesca,54%,46%,447 of 529 — 84%,79% — 350 of 445,2 of 9 — 22%,17% — 1 of 6,1 of 1 — 100%,50% — 1 of 2
126,Atlético Madrid,Elche,48%,52%,464 of 534 — 87%,89% — 508 of 570,5 of 11 — 45%,38% — 3 of 8,2 of 3 — 66%,60% — 3 of 5
127,Barcelona,Valencia,72%,28%,663 of 758 — 87%,74% — 215 of 291,8 of 24 — 33%,36% — 4 of 11,2 of 4 — 50%,75% — 6 of 8
128,Osasuna,Villarreal,33%,67%,219 of 313 — 70%,85% — 554 of 650,0 of 5 — 0%,46% — 6 of 13,3 of 6 — 50%,% — 0 of 0
129,Levante,Real Sociedad,45%,55%,285 of 371 — 77%,79% — 363 of 458,5 of 13 — 38%,33% — 5 of 15,4 of 5 — 80%,60% — 3 of 5
130,Sevilla,Valladolid,59%,41%,470 of 572 — 82%,72% — 287 of 400,2 of 13 — 15%,42% — 5 of 12,4 of 5 — 80%,100% — 2 of 2
131,Celta Vigo,Alavés,54%,46%,430 of 550 — 78%,73% — 340 of 467,3 of 11 — 27%,25% — 2 of 8,2 of 2 — 100%,33% — 1 of 3
132,Granada,Betis,31%,69%,149 of 257 — 58%,78% — 440 of 567,2 of 7 — 29%,7% — 1 of 14,1 of 1 — 100%,50% — 1 of 2
133,Cádiz,Getafe,61%,39%,417 of 519 — 80%,66% — 224 of 337,1 of 8 — 13%,67% — 4 of 6,2 of 4 — 50%,100% — 1 of 1
134,Eibar,Real Madrid,34%,66%,240 of 357 — 67%,83% — 572 of 693,3 of 10 — 30%,36% — 4 of 11,1 of 4 — 25%,66% — 2 of 3
135,Valencia,Sevilla,30%,70%,190 of 278 — 68%,83% — 528 of 637,4 of 10 — 40%,16% — 3 of 19,2 of 3 — 66%,100% — 4 of 4
136,Elche,Osasuna,65%,35%,565 of 673 — 84%,70% — 255 of 362,2 of 7 — 29%,40% — 6 of 15,4 of 6 — 66%,0% — 0 of 2
137,Huesca,Levante,53%,47%,383 of 487 — 79%,76% — 324 of 425,1 of 10 — 10%,11% — 1 of 9,0 of 1 — 0%,100% — 1 of 1
138,Real Sociedad,Atlético Madrid,60%,40%,436 of 551 — 79%,75% — 274 of 365,1 of 6 — 17%,38% — 3 of 8,1 of 3 — 33%,100% — 1 of 1
139,Valladolid,Barcelona,39%,61%,381 of 463 — 82%,90% — 637 of 710,5 of 12 — 42%,48% — 10 of 21,7 of 10 — 70%,100% — 5 of 5
140,Villarreal,Athletic Club,65%,35%,535 of 646 — 83%,70% — 241 of 346,6 of 17 — 35%,33% — 3 of 9,2 of 3 — 66%,83% — 5 of 6
141,Getafe,Celta Vigo,39%,61%,240 of 348 — 69%,75% — 413 of 551,3 of 6 — 50%,0% — 0 of 1,0 of 0 — %,66% — 2 of 3
142,Real Madrid,Granada,66%,34%,539 of 641 — 84%,68% — 221 of 325,6 of 23 — 26%,10% — 1 of 10,1 of 1 — 100%,66% — 4 of 6
143,Alavés,Eibar,44%,56%,226 of 371 — 61%,69% — 323 of 466,3 of 13 — 23%,50% — 4 of 8,3 of 4 — 75%,33% — 1 of 3
144,Betis,Cádiz,71%,29%,585 of 708 — 83%,55% — 157 of 287,1 of 6 — 17%,50% — 3 of 6,3 of 3 — 100%,0% — 0 of 1
145,Sevilla,Villarreal,43%,57%,351 of 435 — 81%,84% — 482 of 574,2 of 9 — 22%,33% — 2 of 6,2 of 2 — 100%,50% — 1 of 2
146,Barcelona,Eibar,72%,28%,619 of 715 — 87%,59% — 161 of 275,5 of 15 — 33%,33% — 3 of 9,2 of 3 — 66%,80% — 4 of 5
147,Cádiz,Valladolid,36%,64%,199 of 323 — 62%,75% — 430 of 571,3 of 8 — 38%,14% — 1 of 7,1 of 1 — 100%,100% — 3 of 3
148,Levante,Betis,38%,62%,240 of 346 — 69%,82% — 455 of 553,5 of 10 — 50%,33% — 6 of 18,4 of 6 — 66%,20% — 1 of 5
149,Granada,Valencia,53%,47%,288 of 408 — 71%,71% — 254 of 357,5 of 24 — 21%,38% — 6 of 16,5 of 6 — 83%,60% — 3 of 5
150,Celta Vigo,Huesca,56%,44%,512 of 596 — 86%,80% — 369 of 463,6 of 15 — 40%,35% — 6 of 17,5 of 6 — 83%,66% — 4 of 6
151,Atlético Madrid,Getafe,51%,49%,379 of 519 — 73%,73% — 370 of 505,3 of 10 — 30%,20% — 2 of 10,2 of 2 — 100%,66% — 2 of 3
152,Elche,Real Madrid,33%,67%,304 of 374 — 81%,88% — 682 of 772,2 of 5 — 40%,43% — 6 of 14,5 of 6 — 83%,100% — 2 of 2
153,Athletic Club,Real Sociedad,60%,40%,380 of 503 — 76%,64% — 213 of 334,0 of 4 — 0%,23% — 3 of 13,2 of 3 — 66%,% — 0 of 0
154,Osasuna,Alavés,33%,67%,148 of 276 — 54%,78% — 437 of 561,3 of 8 — 38%,0% — 0 of 14,0 of 0 — %,66% — 2 of 3
155,Villarreal,Levante,50%,50%,450 of 527 — 85%,80% — 425 of 528,7 of 12 — 58%,22% — 2 of 9,1 of 2 — 50%,71% — 5 of 7
156,Betis,Sevilla,45%,55%,330 of 430 — 77%,81% — 423 of 520,1 of 14 — 7%,33% — 2 of 6,1 of 2 — 50%,100% — 1 of 1
157,Getafe,Valladolid,54%,46%,338 of 474 — 71%,64% — 260 of 406,4 of 11 — 36%,25% — 2 of 8,1 of 2 — 50%,100% — 4 of 4
158,Real Madrid,Celta Vigo,41%,59%,429 of 496 — 86%,86% — 618 of 718,2 of 9 — 22%,0% — 0 of 6,0 of 0 — %,0% — 0 of 2
159,Athletic Club,Elche,49%,51%,385 of 474 — 81%,80% — 395 of 493,2 of 13 — 15%,20% — 1 of 5,1 of 1 — 100%,50% — 1 of 2
160,Alavés,Atlético Madrid,42%,58%,297 of 409 — 73%,80% — 459 of 573,1 of 4 — 25%,50% — 4 of 8,2 of 4 — 50%,100% — 1 of 1
161,Eibar,Granada,56%,44%,247 of 425 — 58%,48% — 162 of 338,6 of 14 — 43%,50% — 3 of 6,3 of 3 — 100%,66% — 4 of 6
162,Real Sociedad,Osasuna,62%,38%,381 of 538 — 71%,59% — 193 of 327,2 of 8 — 25%,33% — 2 of 6,1 of 2 — 50%,50% — 1 of 2
163,Huesca,Barcelona,31%,69%,294 of 368 — 80%,90% — 749 of 832,4 of 4 — 100%,30% — 6 of 20,5 of 6 — 83%,100% — 4 of 4
164,Valencia,Cádiz,71%,29%,514 of 621 — 83%,62% — 157 of 255,4 of 11 — 36%,22% — 2 of 9,1 of 2 — 50%,75% — 3 of 4
165,Athletic Club,Barcelona,43%,57%,424 of 512 — 83%,88% — 601 of 683,3 of 8 — 38%,69% — 9 of 13,6 of 9 — 66%,33% — 1 of 3
166,Celta Vigo,Villarreal,57%,43%,554 of 639 — 87%,84% — 409 of 487,3 of 8 — 38%,40% — 6 of 15,2 of 6 — 33%,100% — 3 of 3
167,Sevilla,Real Sociedad,60%,40%,463 of 573 — 81%,73% — 277 of 380,7 of 12 — 58%,30% — 3 of 10,2 of 3 — 66%,57% — 4 of 7
168,Granada,Barcelona,28%,72%,250 of 324 — 77%,91% — 767 of 840,4 of 8 — 50%,31% — 4 of 13,0 of 4 — 0%,100% — 4 of 4
169,Osasuna,Real Madrid,31%,69%,261 of 365 — 72%,86% — 718 of 831,2 of 8 — 25%,11% — 1 of 9,1 of 1 — 100%,100% — 2 of 2
170,Levante,Eibar,53%,47%,322 of 457 — 70%,68% — 272 of 399,2 of 4 — 50%,24% — 4 of 17,3 of 4 — 75%,0% — 0 of 2
171,Cádiz,Alavés,40%,60%,208 of 334 — 62%,75% — 376 of 504,7 of 10 — 70%,25% — 1 of 4,1 of 1 — 100%,57% — 4 of 7
172,Valladolid,Valencia,42%,58%,292 of 404 — 72%,75% — 416 of 551,4 of 11 — 36%,35% — 6 of 17,5 of 6 — 83%,100% — 4 of 4
173,Elche,Getafe,46%,54%,379 of 468 — 81%,83% — 445 of 539,4 of 7 — 57%,46% — 6 of 13,4 of 6 — 66%,75% — 3 of 4
174,Huesca,Betis,49%,51%,362 of 470 — 77%,78% — 380 of 486,3 of 10 — 30%,33% — 5 of 15,3 of 5 — 60%,100% — 3 of 3
175,Granada,Osasuna,41%,59%,180 of 314 — 57%,71% — 326 of 460,3 of 10 — 30%,20% — 3 of 15,3 of 3 — 100%,33% — 1 of 3
176,Atlético Madrid,Sevilla,34%,66%,274 of 351 — 78%,87% — 589 of 677,4 of 5 — 80%,15% — 2 of 13,2 of 2 — 100%,50% — 2 of 4
177,Valladolid,Elche,62%,38%,456 of 543 — 84%,77% — 259 of 335,2 of 13 — 15%,33% — 3 of 9,1 of 3 — 33%,0% — 0 of 2
178,Cádiz,Levante,31%,69%,193 of 294 — 66%,83% — 544 of 658,2 of 8 — 25%,63% — 5 of 8,3 of 5 — 60%,0% — 0 of 2
179,Alavés,Sevilla,38%,62%,238 of 354 — 67%,78% — 444 of 567,2 of 11 — 18%,43% — 3 of 7,1 of 3 — 33%,50% — 1 of 2
180,Getafe,Huesca,48%,52%,324 of 448 — 72%,74% — 354 of 480,5 of 12 — 42%,20% — 3 of 15,3 of 3 — 100%,80% — 4 of 5
181,Betis,Celta Vigo,43%,57%,295 of 406 — 73%,79% — 433 of 549,4 of 12 — 33%,30% — 3 of 10,2 of 3 — 66%,50% — 2 of 4
182,Villarreal,Granada,68%,32%,570 of 660 — 86%,70% — 217 of 311,1 of 6 — 17%,67% — 2 of 3,0 of 2 — 0%,0% — 0 of 1
183,Valencia,Osasuna,64%,36%,522 of 645 — 81%,72% — 261 of 365,3 of 10 — 30%,36% — 5 of 14,4 of 5 — 80%,100% — 3 of 3
184,Eibar,Atlético Madrid,36%,64%,185 of 327 — 57%,75% — 424 of 569,1 of 11 — 9%,38% — 3 of 8,2 of 3 — 66%,100% — 1 of 1
185,Levante,Valladolid,58%,42%,438 of 549 — 80%,72% — 289 of 403,3 of 11 — 27%,43% — 3 of 7,1 of 3 — 33%,33% — 1 of 3
186,Huesca,Villarreal,44%,56%,400 of 519 — 77%,84% — 553 of 660,1 of 5 — 20%,25% — 2 of 8,2 of 2 — 100%,100% — 1 of 1
187,Sevilla,Cádiz,79%,21%,671 of 763 — 88%,54% — 112 of 206,7 of 15 — 47%,33% — 3 of 9,3 of 3 — 100%,57% — 4 of 7
188,Real Sociedad,Betis,54%,46%,388 of 498 — 78%,78% — 334 of 428,5 of 12 — 42%,57% — 4 of 7,2 of 4 — 50%,60% — 3 of 5
189,Alavés,Real Madrid,40%,60%,340 of 421 — 81%,88% — 561 of 636,4 of 14 — 29%,60% — 6 of 10,2 of 6 — 33%,75% — 3 of 4
190,Osasuna,Granada,48%,52%,206 of 339 — 61%,64% — 231 of 362,4 of 7 — 57%,8% — 1 of 12,0 of 1 — 0%,25% — 1 of 4
191,Elche,Barcelona,35%,65%,323 of 394 — 82%,89% — 656 of 736,2 of 4 — 50%,53% — 8 of 15,6 of 8 — 75%,100% — 2 of 2
192,Celta Vigo,Eibar,56%,44%,406 of 527 — 77%,69% — 288 of 417,4 of 8 — 50%,22% — 2 of 9,1 of 2 — 50%,75% — 3 of 4
193,Atlético Madrid,Valencia,49%,51%,393 of 488 — 81%,80% — 405 of 504,5 of 14 — 36%,50% — 4 of 8,3 of 4 — 75%,40% — 2 of 5
194,Athletic Club,Getafe,51%,49%,296 of 417 — 71%,71% — 278 of 393,8 of 11 — 73%,20% — 1 of 5,0 of 1 — 0%,37% — 3 of 8
195,Valladolid,Huesca,55%,45%,423 of 534 — 79%,75% — 330 of 440,4 of 14 — 29%,45% — 5 of 11,2 of 5 — 40%,75% — 3 of 4
196,Eibar,Sevilla,49%,51%,356 of 486 — 73%,73% — 374 of 511,6 of 17 — 35%,50% — 3 of 6,2 of 3 — 66%,100% — 6 of 6
197,Real Madrid,Levante,47%,53%,376 of 448 — 84%,87% — 435 of 502,2 of 8 — 25%,54% — 7 of 13,5 of 7 — 71%,50% — 1 of 2
198,Valencia,Elche,45%,55%,296 of 384 — 77%,78% — 358 of 460,2 of 13 — 15%,10% — 1 of 10,1 of 1 — 100%,50% — 1 of 2
199,Villarreal,Real Sociedad,35%,65%,287 of 366 — 78%,84% — 562 of 669,2 of 4 — 50%,25% — 3 of 12,2 of 3 — 66%,50% — 1 of 2
200,Getafe,Alavés,60%,40%,275 of 441 — 62%,49% — 145 of 296,0 of 6 — 0%,20% — 1 of 5,1 of 1 — 100%,% — 0 of 0
201,Cádiz,Atlético Madrid,48%,52%,414 of 512 — 81%,83% — 460 of 551,6 of 11 — 55%,38% — 3 of 8,0 of 3 — 0%,66% — 4 of 6
202,Granada,Celta Vigo,36%,64%,187 of 285 — 66%,77% — 387 of 504,5 of 10 — 50%,14% — 1 of 7,1 of 1 — 100%,100% — 5 of 5
203,Barcelona,Athletic Club,58%,42%,545 of 633 — 86%,80% — 366 of 455,6 of 12 — 50%,29% — 2 of 7,2 of 2 — 100%,66% — 4 of 6
204,Betis,Osasuna,65%,35%,531 of 629 — 84%,72% — 247 of 345,3 of 8 — 38%,33% — 5 of 15,5 of 5 — 100%,66% — 2 of 3
205,Alavés,Valladolid,55%,45%,271 of 395 — 69%,67% — 220 of 329,5 of 20 — 25%,33% — 1 of 3,1 of 1 — 100%,80% — 4 of 5
206,Levante,Granada,60%,40%,364 of 475 — 77%,63% — 200 of 315,7 of 11 — 64%,45% — 5 of 11,3 of 5 — 60%,71% — 5 of 7
207,Huesca,Real Madrid,35%,65%,261 of 349 — 75%,86% — 563 of 653,2 of 13 — 15%,39% — 7 of 18,5 of 7 — 71%,50% — 1 of 2
208,Elche,Villarreal,45%,55%,399 of 491 — 81%,85% — 506 of 598,2 of 8 — 25%,44% — 4 of 9,2 of 4 — 50%,0% — 0 of 2
209,Sevilla,Getafe,75%,25%,682 of 763 — 89%,64% — 160 of 250,5 of 18 — 28%,0% — 0 of 4,0 of 0 — %,40% — 2 of 5
210,Real Sociedad,Cádiz,74%,26%,657 of 739 — 89%,69% — 178 of 259,5 of 16 — 31%,50% — 1 of 2,0 of 1 — 0%,40% — 2 of 5
211,Athletic Club,Valencia,50%,50%,365 of 489 — 75%,77% — 372 of 484,2 of 11 — 18%,13% — 2 of 15,1 of 2 — 50%,100% — 2 of 2
212,Osasuna,Eibar,54%,46%,336 of 499 — 67%,67% — 289 of 430,4 of 12 — 33%,25% — 3 of 12,2 of 3 — 66%,50% — 2 of 4
213,Betis,Barcelona,37%,63%,351 of 430 — 82%,90% — 670 of 745,5 of 8 — 63%,33% — 4 of 12,2 of 4 — 50%,60% — 3 of 5
214,Atlético Madrid,Celta Vigo,46%,54%,360 of 473 — 76%,82% — 454 of 557,2 of 9 — 22%,29% — 2 of 7,0 of 2 — 0%,0% — 0 of 2
215,Real Madrid,Getafe,67%,33%,578 of 689 — 84%,66% — 219 of 334,4 of 14 — 29%,0% — 0 of 1,0 of 0 — %,50% — 2 of 4
216,Celta Vigo,Elche,50%,50%,347 of 455 — 76%,74% — 339 of 460,6 of 9 — 67%,29% — 2 of 7,1 of 2 — 50%,50% — 3 of 6
217,Granada,Atlético Madrid,40%,60%,203 of 327 — 62%,77% — 375 of 490,1 of 6 — 17%,40% — 4 of 10,2 of 4 — 50%,0% — 0 of 1
218,Sevilla,Huesca,65%,35%,492 of 581 — 85%,68% — 214 of 316,4 of 14 — 29%,56% — 5 of 9,5 of 5 — 100%,75% — 3 of 4
219,Eibar,Valladolid,54%,46%,290 of 439 — 66%,58% — 215 of 373,2 of 14 — 14%,0% — 0 of 4,0 of 0 — %,50% — 1 of 2
220,Barcelona,Alavés,73%,27%,814 of 899 — 91%,72% — 235 of 325,9 of 17 — 53%,33% — 2 of 6,1 of 2 — 50%,44% — 4 of 9
221,Getafe,Real Sociedad,44%,56%,222 of 354 — 63%,71% — 314 of 443,0 of 4 — 0%,67% — 2 of 3,1 of 2 — 50%,% — 0 of 0
222,Real Madrid,Valencia,61%,39%,628 of 694 — 90%,83% — 371 of 446,7 of 16 — 44%,25% — 1 of 4,1 of 1 — 100%,71% — 5 of 7
223,Levante,Osasuna,63%,37%,450 of 591 — 76%,62% — 218 of 354,3 of 12 — 25%,29% — 2 of 7,1 of 2 — 50%,100% — 3 of 3
224,Villarreal,Betis,56%,44%,443 of 552 — 80%,79% — 346 of 437,4 of 8 — 50%,27% — 4 of 15,2 of 4 — 50%,100% — 4 of 4
225,Cádiz,Athletic Club,43%,57%,286 of 389 — 74%,80% — 418 of 524,2 of 11 — 18%,54% — 7 of 13,3 of 7 — 42%,100% — 2 of 2
226,Levante,Atlético Madrid,36%,64%,280 of 368 — 76%,81% — 526 of 652,4 of 7 — 57%,43% — 6 of 14,5 of 6 — 83%,75% — 3 of 4
227,Betis,Getafe,63%,37%,437 of 559 — 78%,64% — 206 of 323,3 of 10 — 30%,17% — 1 of 6,1 of 1 — 100%,100% — 3 of 3
228,Elche,Eibar,48%,52%,287 of 412 — 70%,69% — 308 of 449,2 of 6 — 33%,23% — 3 of 13,3 of 3 — 100%,50% — 1 of 2
229,Atlético Madrid,Levante,56%,44%,425 of 523 — 81%,78% — 323 of 416,10 of 28 — 36%,17% — 1 of 6,0 of 1 — 0%,100% — 10 of 10
230,Valencia,Celta Vigo,57%,43%,421 of 533 — 79%,75% — 297 of 398,3 of 10 — 30%,40% — 2 of 5,2 of 2 — 100%,33% — 1 of 3
231,Valladolid,Real Madrid,36%,64%,231 of 337 — 69%,84% — 512 of 610,5 of 9 — 56%,20% — 2 of 10,1 of 2 — 50%,100% — 5 of 5
232,Barcelona,Cádiz,81%,19%,847 of 942 — 90%,56% — 125 of 225,3 of 19 — 16%,0% — 0 of 2,0 of 0 — %,100% — 3 of 3
233,Real Sociedad,Alavés,64%,36%,440 of 538 — 82%,71% — 214 of 302,4 of 8 — 50%,29% — 2 of 7,2 of 2 — 100%,0% — 0 of 4
234,Huesca,Granada,59%,41%,367 of 479 — 77%,68% — 226 of 332,6 of 14 — 43%,63% — 5 of 8,3 of 5 — 60%,66% — 4 of 6
235,Athletic Club,Villarreal,48%,52%,440 of 527 — 83%,83% — 465 of 561,8 of 18 — 44%,67% — 2 of 3,1 of 2 — 50%,87% — 7 of 8
236,Osasuna,Sevilla,41%,59%,311 of 422 — 74%,79% — 483 of 608,0 of 6 — 0%,50% — 5 of 10,3 of 5 — 60%,% — 0 of 0
237,Barcelona,Elche,65%,35%,715 of 796 — 90%,83% — 359 of 431,5 of 9 — 56%,17% — 1 of 6,1 of 1 — 100%,40% — 2 of 5
238,Levante,Athletic Club,45%,55%,331 of 430 — 77%,80% — 424 of 530,3 of 9 — 33%,40% — 4 of 10,4 of 4 — 100%,100% — 3 of 3
239,Eibar,Huesca,54%,46%,382 of 494 — 77%,68% — 293 of 428,3 of 17 — 18%,25% — 1 of 4,0 of 1 — 0%,66% — 2 of 3
240,Sevilla,Barcelona,45%,55%,427 of 516 — 83%,87% — 556 of 640,2 of 4 — 50%,56% — 5 of 9,3 of 5 — 60%,100% — 2 of 2
241,Alavés,Osasuna,53%,47%,272 of 402 — 68%,66% — 238 of 360,1 of 4 — 25%,33% — 2 of 6,1 of 2 — 50%,100% — 1 of 1
242,Getafe,Valencia,43%,57%,176 of 309 — 57%,68% — 279 of 408,4 of 15 — 27%,0% — 0 of 6,0 of 0 — %,25% — 1 of 4
243,Celta Vigo,Valladolid,65%,35%,449 of 558 — 80%,63% — 190 of 301,2 of 11 — 18%,43% — 3 of 7,2 of 3 — 66%,50% — 1 of 2
244,Cádiz,Betis,36%,64%,221 of 337 — 66%,83% — 509 of 612,3 of 5 — 60%,44% — 4 of 9,3 of 4 — 75%,100% — 3 of 3
245,Granada,Elche,43%,57%,210 of 329 — 64%,68% — 293 of 429,4 of 13 — 31%,33% — 4 of 12,3 of 4 — 75%,50% — 2 of 4
246,Villarreal,Atlético Madrid,63%,37%,551 of 654 — 84%,76% — 294 of 389,6 of 19 — 32%,83% — 5 of 6,4 of 5 — 80%,100% — 6 of 6
247,Real Madrid,Real Sociedad,59%,41%,541 of 628 — 86%,80% — 341 of 428,2 of 20 — 10%,33% — 2 of 6,1 of 2 — 50%,50% — 1 of 2
248,Valencia,Villarreal,53%,47%,419 of 503 — 83%,80% — 355 of 441,3 of 24 — 13%,44% — 4 of 9,4 of 4 — 100%,66% — 2 of 3
249,Valladolid,Getafe,50%,50%,201 of 347 — 58%,56% — 192 of 343,3 of 4 — 75%,22% — 2 of 9,1 of 2 — 50%,33% — 1 of 3
250,Elche,Sevilla,37%,63%,240 of 321 — 75%,85% — 460 of 541,3 of 6 — 50%,27% — 3 of 11,2 of 3 — 66%,33% — 1 of 3
251,Cádiz,Eibar,33%,67%,154 of 285 — 54%,74% — 428 of 580,2 of 6 — 33%,0% — 0 of 15,0 of 0 — %,50% — 1 of 2
252,Osasuna,Barcelona,37%,63%,355 of 451 — 79%,88% — 664 of 756,3 of 10 — 30%,46% — 6 of 13,4 of 6 — 66%,100% — 3 of 3
253,Huesca,Celta Vigo,51%,49%,342 of 464 — 74%,76% — 341 of 450,5 of 19 — 26%,70% — 7 of 10,3 of 7 — 42%,40% — 2 of 5
254,Atlético Madrid,Real Madrid,39%,61%,373 of 455 — 82%,86% — 602 of 697,5 of 11 — 45%,44% — 8 of 18,7 of 8 — 87%,80% — 4 of 5
255,Real Sociedad,Levante,54%,46%,349 of 455 — 77%,76% — 300 of 393,7 of 24 — 29%,17% — 1 of 6,1 of 1 — 100%,85% — 6 of 7
256,Athletic Club,Granada,49%,51%,325 of 458 — 71%,75% — 364 of 485,4 of 6 — 67%,23% — 3 of 13,2 of 3 — 66%,50% — 2 of 4
257,Betis,Alavés,76%,24%,622 of 723 — 86%,61% — 140 of 228,6 of 22 — 27%,75% — 3 of 4,1 of 3 — 33%,66% — 4 of 6
258,Atlético Madrid,Athletic Club,46%,54%,448 of 547 — 82%,82% — 517 of 633,4 of 10 — 40%,50% — 2 of 4,1 of 2 — 50%,75% — 3 of 4
259,Levante,Valencia,44%,56%,309 of 409 — 76%,80% — 415 of 517,3 of 11 — 27%,18% — 2 of 11,2 of 2 — 100%,66% — 2 of 3
260,Alavés,Cádiz,51%,49%,299 of 426 — 70%,68% — 276 of 406,1 of 8 — 13%,0% — 0 of 8,0 of 0 — %,100% — 1 of 1
261,Real Madrid,Elche,65%,35%,555 of 649 — 86%,72% — 255 of 352,4 of 17 — 24%,67% — 2 of 3,1 of 2 — 50%,50% — 2 of 4
262,Osasuna,Valladolid,53%,47%,290 of 439 — 66%,64% — 250 of 390,2 of 14 — 14%,17% — 2 of 12,2 of 2 — 100%,100% — 2 of 2
263,Getafe,Atlético Madrid,27%,73%,131 of 242 — 54%,82% — 529 of 645,2 of 11 — 18%,47% — 7 of 15,7 of 7 — 100%,100% — 2 of 2
264,Celta Vigo,Athletic Club,65%,35%,573 of 680 — 84%,69% — 252 of 366,3 of 12 — 25%,17% — 1 of 6,1 of 1 — 100%,100% — 3 of 3
265,Granada,Real Sociedad,33%,67%,163 of 258 — 63%,78% — 401 of 517,2 of 7 — 29%,14% — 1 of 7,1 of 1 — 100%,50% — 1 of 2
266,Eibar,Villarreal,59%,41%,448 of 569 — 79%,72% — 279 of 389,6 of 15 — 40%,62% — 8 of 13,5 of 8 — 62%,83% — 5 of 6
267,Sevilla,Betis,53%,47%,448 of 540 — 83%,78% — 382 of 487,3 of 9 — 33%,15% — 2 of 13,2 of 2 — 100%,66% — 2 of 3
268,Barcelona,Huesca,69%,31%,856 of 934 — 92%,82% — 346 of 421,5 of 12 — 42%,43% — 3 of 7,3 of 3 — 100%,20% — 1 of 5
269,Sevilla,Elche,66%,34%,650 of 731 — 89%,80% — 298 of 373,8 of 13 — 62%,45% — 5 of 11,5 of 5 — 100%,75% — 6 of 8
270,Betis,Levante,56%,44%,460 of 564 — 82%,75% — 338 of 449,6 of 15 — 40%,14% — 1 of 7,1 of 1 — 100%,66% — 4 of 6
271,Athletic Club,Eibar,56%,44%,434 of 567 — 77%,74% — 329 of 442,4 of 18 — 22%,50% — 2 of 4,1 of 2 — 50%,75% — 3 of 4
272,Celta Vigo,Real Madrid,51%,49%,441 of 529 — 83%,83% — 424 of 511,3 of 8 — 38%,25% — 4 of 16,1 of 4 — 25%,66% — 2 of 3
273,Huesca,Osasuna,56%,44%,358 of 500 — 72%,68% — 271 of 398,3 of 15 — 20%,29% — 2 of 7,2 of 2 — 100%,100% — 3 of 3
274,Valladolid,Sevilla,31%,69%,218 of 309 — 71%,86% — 578 of 673,1 of 2 — 50%,36% — 4 of 11,3 of 4 — 75%,100% — 1 of 1
275,Getafe,Elche,48%,52%,192 of 333 — 58%,58% — 209 of 360,4 of 11 — 36%,33% — 2 of 6,1 of 2 — 50%,75% — 3 of 4
276,Valencia,Granada,49%,51%,335 of 440 — 76%,74% — 336 of 457,8 of 18 — 44%,20% — 3 of 15,2 of 3 — 66%,75% — 6 of 8
277,Villarreal,Cádiz,57%,43%,441 of 522 — 84%,75% — 291 of 390,3 of 12 — 25%,33% — 3 of 9,2 of 3 — 66%,66% — 2 of 3
278,Atlético Madrid,Alavés,62%,38%,464 of 586 — 79%,67% — 241 of 362,4 of 8 — 50%,25% — 2 of 8,2 of 2 — 100%,75% — 3 of 4
279,Real Sociedad,Barcelona,31%,69%,281 of 353 — 80%,90% — 699 of 775,5 of 10 — 50%,71% — 10 of 14,4 of 10 — 40%,80% — 4 of 5
280,Levante,Huesca,62%,38%,484 of 598 — 81%,72% — 264 of 366,3 of 13 — 23%,33% — 2 of 6,0 of 2 — 0%,100% — 3 of 3
281,Granada,Villarreal,45%,55%,278 of 374 — 74%,83% — 374 of 451,2 of 5 — 40%,23% — 3 of 13,2 of 3 — 66%,100% — 2 of 2
282,Real Madrid,Eibar,63%,37%,579 of 669 — 87%,71% — 276 of 388,8 of 21 — 38%,40% — 4 of 10,4 of 4 — 100%,75% — 6 of 8
283,Osasuna,Getafe,58%,42%,296 of 449 — 66%,47% — 153 of 325,1 of 4 — 25%,33% — 2 of 6,2 of 2 — 100%,100% — 1 of 1
284,Alavés,Celta Vigo,54%,46%,317 of 422 — 75%,70% — 249 of 357,7 of 17 — 41%,75% — 6 of 8,3 of 6 — 50%,85% — 6 of 7
285,Elche,Betis,46%,54%,345 of 448 — 77%,84% — 431 of 516,3 of 7 — 43%,17% — 2 of 12,2 of 2 — 100%,66% — 2 of 3
286,Cádiz,Valencia,34%,66%,185 of 296 — 63%,82% — 479 of 586,2 of 6 — 33%,55% — 6 of 11,5 of 6 — 83%,0% — 0 of 2
287,Sevilla,Atlético Madrid,57%,43%,536 of 640 — 84%,76% — 371 of 490,4 of 17 — 24%,44% — 4 of 9,4 of 4 — 100%,75% — 3 of 4
288,Barcelona,Valladolid,68%,32%,654 of 739 — 88%,73% — 255 of 350,10 of 25 — 40%,29% — 2 of 7,2 of 2 — 100%,90% — 9 of 10
289,Real Sociedad,Athletic Club,51%,49%,381 of 476 — 80%,75% — 340 of 454,2 of 12 — 17%,18% — 2 of 11,1 of 2 — 50%,50% — 1 of 2
290,Huesca,Elche,34%,66%,213 of 300 — 71%,86% — 500 of 580,4 of 7 — 57%,25% — 2 of 8,2 of 2 — 100%,50% — 2 of 4
291,Getafe,Cádiz,57%,43%,318 of 479 — 66%,57% — 206 of 359,3 of 19 — 16%,38% — 3 of 8,3 of 3 — 100%,100% — 3 of 3
292,Athletic Club,Alavés,45%,55%,337 of 451 — 75%,77% — 433 of 559,4 of 11 — 36%,0% — 0 of 9,0 of 0 — %,100% — 4 of 4
293,Eibar,Levante,52%,48%,358 of 505 — 71%,72% — 334 of 465,4 of 10 — 40%,17% — 1 of 6,0 of 1 — 0%,100% — 4 of 4
294,Real Madrid,Barcelona,31%,69%,263 of 346 — 76%,89% — 673 of 759,3 of 14 — 21%,22% — 4 of 18,3 of 4 — 75%,33% — 1 of 3
295,Villarreal,Osasuna,68%,32%,512 of 633 — 81%,63% — 191 of 302,6 of 15 — 40%,33% — 4 of 12,2 of 4 — 50%,100% — 6 of 6
296,Valencia,Real Sociedad,41%,59%,234 of 322 — 73%,78% — 362 of 462,1 of 7 — 14%,31% — 5 of 16,3 of 5 — 60%,0% — 0 of 1
297,Valladolid,Granada,54%,46%,360 of 467 — 77%,72% — 285 of 398,2 of 6 — 33%,50% — 6 of 12,4 of 6 — 66%,100% — 2 of 2
298,Betis,Atlético Madrid,53%,47%,497 of 581 — 86%,80% — 405 of 506,4 of 8 — 50%,40% — 4 of 10,3 of 4 — 75%,75% — 3 of 4
299,Celta Vigo,Sevilla,42%,58%,300 of 396 — 76%,83% — 454 of 549,4 of 11 — 36%,46% — 6 of 13,2 of 6 — 33%,50% — 2 of 4
300,Real Sociedad,Sevilla,48%,52%,295 of 396 — 74%,78% — 331 of 422,2 of 5 — 40%,40% — 6 of 15,4 of 6 — 66%,50% — 1 of 2
301,Osasuna,Elche,48%,52%,303 of 405 — 75%,76% — 328 of 434,3 of 9 — 33%,25% — 2 of 8,2 of 2 — 100%,66% — 2 of 3
302,Atlético Madrid,Eibar,61%,39%,613 of 714 — 86%,77% — 357 of 466,7 of 10 — 70%,% — 0 of 0,0 of 0 — %,28% — 2 of 7
303,Alavés,Huesca,51%,49%,390 of 487 — 80%,77% — 362 of 468,2 of 10 — 20%,11% — 1 of 9,1 of 1 — 100%,50% — 1 of 2
304,Cádiz,Celta Vigo,24%,76%,146 of 252 — 58%,86% — 693 of 802,2 of 5 — 40%,36% — 4 of 11,4 of 4 — 100%,100% — 2 of 2
305,Betis,Valencia,56%,44%,459 of 544 — 84%,83% — 354 of 429,5 of 9 — 56%,25% — 2 of 8,1 of 2 — 50%,60% — 3 of 5
306,Levante,Villarreal,44%,56%,375 of 466 — 80%,86% — 504 of 589,3 of 12 — 25%,50% — 7 of 14,4 of 7 — 57%,66% — 2 of 3
307,Getafe,Real Madrid,42%,58%,289 of 413 — 70%,81% — 471 of 581,6 of 19 — 32%,10% — 1 of 10,1 of 1 — 100%,100% — 6 of 6
308,Osasuna,Valencia,45%,55%,299 of 410 — 73%,77% — 389 of 505,7 of 16 — 44%,50% — 5 of 10,4 of 5 — 80%,71% — 5 of 7
309,Levante,Sevilla,43%,57%,318 of 421 — 76%,82% — 466 of 566,1 of 6 — 17%,30% — 3 of 10,2 of 3 — 66%,100% — 1 of 1
310,Betis,Athletic Club,41%,59%,276 of 360 — 77%,83% — 439 of 526,2 of 6 — 33%,25% — 4 of 16,4 of 4 — 100%,100% — 2 of 2
311,Alavés,Villarreal,33%,67%,236 of 324 — 73%,85% — 560 of 656,4 of 9 — 44%,40% — 4 of 10,3 of 4 — 75%,50% — 2 of 4
312,Elche,Valladolid,46%,54%,264 of 354 — 75%,76% — 319 of 422,3 of 9 — 33%,33% — 4 of 12,3 of 4 — 75%,66% — 2 of 3
313,Cádiz,Real Madrid,39%,61%,310 of 415 — 75%,87% — 564 of 652,3 of 13 — 23%,23% — 3 of 13,1 of 3 — 33%,100% — 3 of 3
314,Atlético Madrid,Huesca,53%,47%,551 of 630 — 87%,87% — 489 of 562,12 of 17 — 71%,40% — 2 of 5,2 of 2 — 100%,83% — 10 of 12
315,Real Sociedad,Celta Vigo,41%,59%,246 of 350 — 70%,75% — 375 of 503,1 of 5 — 20%,30% — 3 of 10,2 of 3 — 66%,0% — 0 of 1
316,Granada,Eibar,36%,64%,187 of 292 — 64%,79% — 417 of 530,4 of 8 — 50%,19% — 3 of 16,2 of 3 — 66%,0% — 0 of 4
317,Barcelona,Getafe,80%,20%,878 of 974 — 90%,65% — 155 of 240,5 of 8 — 63%,0% — 0 of 4,0 of 0 — %,40% — 2 of 5
318,Elche,Levante,34%,66%,221 of 309 — 72%,83% — 491 of 589,3 of 8 — 38%,17% — 1 of 6,1 of 1 — 100%,66% — 2 of 3
319,Valladolid,Cádiz,60%,40%,339 of 440 — 77%,65% — 193 of 296,6 of 13 — 46%,33% — 2 of 6,1 of 2 — 50%,83% — 5 of 6
320,Valencia,Alavés,54%,46%,379 of 473 — 80%,73% — 293 of 403,2 of 9 — 22%,33% — 2 of 6,1 of 2 — 50%,50% — 1 of 2
321,Real Madrid,Betis,57%,43%,572 of 669 — 86%,82% — 407 of 495,5 of 17 — 29%,33% — 2 of 6,2 of 2 — 100%,100% — 5 of 5
322,Huesca,Getafe,68%,32%,453 of 562 — 81%,60% — 160 of 265,1 of 8 — 13%,67% — 4 of 6,2 of 4 — 50%,100% — 1 of 1
323,Villarreal,Barcelona,44%,56%,401 of 485 — 83%,88% — 549 of 623,4 of 10 — 40%,33% — 5 of 15,3 of 5 — 60%,75% — 3 of 4
324,Celta Vigo,Osasuna,49%,51%,273 of 401 — 68%,63% — 266 of 422,2 of 7 — 29%,18% — 2 of 11,2 of 2 — 100%,0% — 0 of 2
325,Sevilla,Granada,64%,36%,489 of 604 — 81%,65% — 221 of 339,3 of 9 — 33%,33% — 1 of 3,1 of 1 — 100%,66% — 2 of 3
326,Athletic Club,Atlético Madrid,38%,62%,278 of 369 — 75%,82% — 489 of 593,3 of 11 — 27%,21% — 3 of 14,2 of 3 — 66%,33% — 1 of 3
327,Eibar,Real Sociedad,53%,47%,384 of 521 — 74%,71% — 321 of 455,5 of 14 — 36%,40% — 2 of 5,1 of 2 — 50%,100% — 5 of 5
328,Athletic Club,Valladolid,51%,49%,377 of 490 — 77%,76% — 352 of 465,7 of 13 — 54%,29% — 4 of 14,2 of 4 — 50%,71% — 5 of 7
329,Barcelona,Granada,81%,19%,815 of 909 — 90%,63% — 131 of 208,4 of 16 — 25%,40% — 2 of 5,0 of 2 — 0%,75% — 3 of 4
330,Celta Vigo,Levante,54%,46%,348 of 474 — 73%,71% — 289 of 407,5 of 8 — 63%,20% — 2 of 10,2 of 2 — 100%,60% — 3 of 5
331,Eibar,Alavés,45%,55%,221 of 361 — 61%,70% — 307 of 439,4 of 15 — 27%,33% — 2 of 6,2 of 2 — 100%,25% — 1 of 4
332,Elche,Atlético Madrid,50%,50%,367 of 453 — 81%,81% — 361 of 447,1 of 5 — 20%,36% — 4 of 11,3 of 4 — 75%,100% — 1 of 1
333,Huesca,Real Sociedad,47%,53%,285 of 395 — 72%,76% — 344 of 452,3 of 10 — 30%,43% — 3 of 7,3 of 3 — 100%,100% — 3 of 3
334,Real Madrid,Osasuna,65%,35%,637 of 727 — 88%,73% — 285 of 390,6 of 22 — 27%,67% — 2 of 3,2 of 2 — 100%,66% — 4 of 6
335,Valladolid,Betis,45%,55%,328 of 432 — 76%,82% — 431 of 525,2 of 10 — 20%,36% — 4 of 11,3 of 4 — 75%,50% — 1 of 2
336,Villarreal,Getafe,65%,35%,472 of 594 — 79%,59% — 186 of 313,3 of 4 — 75%,20% — 3 of 15,3 of 3 — 100%,66% — 2 of 3
337,Granada,Cádiz,64%,36%,319 of 454 — 70%,52% — 135 of 259,2 of 9 — 22%,50% — 4 of 8,3 of 4 — 75%,100% — 2 of 2
338,Valencia,Barcelona,32%,68%,300 of 383 — 78%,89% — 721 of 809,4 of 9 — 44%,38% — 5 of 13,2 of 5 — 40%,50% — 2 of 4
339,Sevilla,Athletic Club,73%,27%,681 of 779 — 87%,67% — 196 of 294,3 of 18 — 17%,25% — 2 of 8,1 of 2 — 50%,100% — 3 of 3
340,Real Sociedad,Elche,72%,28%,569 of 654 — 87%,63% — 159 of 252,3 of 16 — 19%,0% — 0 of 1,0 of 0 — %,33% — 1 of 3
341,Alavés,Levante,53%,47%,310 of 432 — 72%,74% — 283 of 380,5 of 15 — 33%,50% — 3 of 6,1 of 3 — 33%,60% — 3 of 5
342,Barcelona,Atlético Madrid,59%,41%,569 of 637 — 89%,83% — 375 of 450,7 of 12 — 58%,55% — 6 of 11,6 of 6 — 100%,100% — 7 of 7
343,Cádiz,Huesca,34%,66%,193 of 285 — 68%,84% — 464 of 552,1 of 11 — 9%,38% — 5 of 13,4 of 5 — 80%,0% — 0 of 1
344,Athletic Club,Osasuna,45%,55%,308 of 431 — 71%,76% — 398 of 525,3 of 13 — 23%,31% — 4 of 13,2 of 4 — 50%,33% — 1 of 3
345,Getafe,Eibar,41%,59%,164 of 310 — 53%,66% — 300 of 453,2 of 10 — 20%,33% — 2 of 6,2 of 2 — 100%,100% — 2 of 2
346,Valencia,Valladolid,41%,59%,339 of 412 — 82%,82% — 485 of 588,3 of 6 — 50%,11% — 2 of 19,2 of 2 — 100%,0% — 0 of 3
347,Villarreal,Celta Vigo,60%,40%,467 of 554 — 84%,73% — 270 of 372,6 of 15 — 40%,44% — 4 of 9,2 of 4 — 50%,83% — 5 of 6
348,Real Madrid,Sevilla,58%,42%,586 of 669 — 88%,84% — 404 of 480,7 of 17 — 41%,33% — 2 of 6,1 of 2 — 50%,71% — 5 of 7
349,Betis,Granada,61%,39%,429 of 515 — 83%,65% — 213 of 327,5 of 14 — 36%,45% — 5 of 11,4 of 5 — 80%,60% — 3 of 5
350,Osasuna,Cádiz,63%,37%,436 of 545 — 80%,63% — 202 of 322,3 of 13 — 23%,33% — 3 of 9,2 of 3 — 66%,33% — 1 of 3
351,Elche,Alavés,67%,33%,447 of 547 — 82%,73% — 198 of 273,3 of 11 — 27%,22% — 2 of 9,0 of 2 — 0%,100% — 3 of 3
352,Levante,Barcelona,40%,60%,349 of 429 — 81%,87% — 572 of 657,6 of 16 — 38%,29% — 5 of 17,2 of 5 — 40%,50% — 3 of 6
353,Sevilla,Valencia,61%,39%,576 of 655 — 88%,82% — 342 of 419,4 of 10 — 40%,33% — 2 of 6,2 of 2 — 100%,75% — 3 of 4
354,Huesca,Athletic Club,51%,49%,386 of 495 — 78%,74% — 353 of 476,6 of 18 — 33%,75% — 3 of 4,3 of 3 — 100%,83% — 5 of 6
355,Celta Vigo,Getafe,60%,40%,443 of 570 — 78%,64% — 244 of 381,1 of 4 — 25%,31% — 4 of 13,4 of 4 — 100%,0% — 0 of 1
356,Atlético Madrid,Real Sociedad,35%,65%,296 of 377 — 79%,87% — 605 of 692,4 of 12 — 33%,50% — 7 of 14,6 of 7 — 85%,50% — 2 of 4
357,Valladolid,Villarreal,39%,61%,254 of 361 — 70%,79% — 436 of 554,2 of 11 — 18%,33% — 3 of 9,1 of 3 — 33%,100% — 2 of 2
358,Eibar,Betis,64%,36%,491 of 645 — 76%,60% — 218 of 363,4 of 14 — 29%,44% — 4 of 9,3 of 4 — 75%,75% — 3 of 4
359,Granada,Real Madrid,36%,64%,289 of 384 — 75%,88% — 608 of 690,5 of 10 — 50%,44% — 7 of 16,3 of 7 — 42%,80% — 4 of 5
360,Betis,Huesca,47%,53%,296 of 387 — 76%,75% — 322 of 429,1 of 9 — 11%,0% — 0 of 7,0 of 0 — %,100% — 1 of 1
361,Cádiz,Elche,32%,68%,196 of 274 — 72%,86% — 500 of 580,2 of 6 — 33%,25% — 5 of 20,2 of 5 — 40%,100% — 2 of 2
362,Villarreal,Sevilla,43%,57%,385 of 445 — 87%,90% — 538 of 601,5 of 12 — 42%,29% — 5 of 17,5 of 5 — 100%,20% — 1 of 5
363,Real Sociedad,Valladolid,54%,46%,476 of 554 — 86%,81% — 388 of 479,8 of 13 — 62%,26% — 5 of 19,4 of 5 — 80%,62% — 5 of 8
364,Valencia,Eibar,43%,57%,351 of 444 — 79%,84% — 490 of 586,5 of 9 — 56%,40% — 8 of 20,7 of 8 — 87%,20% — 1 of 5
365,Alavés,Granada,53%,47%,385 of 506 — 76%,73% — 328 of 450,9 of 14 — 64%,40% — 2 of 5,0 of 2 — 0%,55% — 5 of 9
366,Atlético Madrid,Osasuna,73%,27%,580 of 715 — 81%,58% — 156 of 269,9 of 26 — 35%,40% — 2 of 5,1 of 2 — 50%,77% — 7 of 9
367,Athletic Club,Real Madrid,36%,64%,290 of 381 — 76%,86% — 577 of 669,1 of 8 — 13%,18% — 2 of 11,1 of 2 — 50%,100% — 1 of 1
368,Barcelona,Celta Vigo,64%,36%,692 of 772 — 90%,80% — 352 of 442,4 of 21 — 19%,100% — 4 of 4,2 of 4 — 50%,75% — 3 of 4
369,Getafe,Levante,34%,66%,166 of 270 — 61%,79% — 411 of 519,3 of 9 — 33%,25% — 1 of 4,0 of 1 — 0%,33% — 1 of 3
370,Levante,Cádiz,70%,30%,541 of 626 — 86%,68% — 183 of 268,4 of 17 — 24%,33% — 2 of 6,0 of 2 — 0%,50% — 2 of 4
371,Real Madrid,Villarreal,56%,44%,501 of 596 — 84%,84% — 397 of 473,4 of 14 — 29%,33% — 2 of 6,1 of 2 — 50%,50% — 2 of 4
372,Huesca,Valencia,54%,46%,358 of 466 — 77%,77% — 306 of 395,8 of 23 — 35%,36% — 4 of 11,4 of 4 — 100%,100% — 8 of 8
373,Osasuna,Real Sociedad,44%,56%,318 of 453 — 70%,79% — 455 of 573,1 of 7 — 14%,9% — 1 of 11,0 of 1 — 0%,100% — 1 of 1
374,Elche,Athletic Club,45%,55%,351 of 445 — 79%,80% — 431 of 536,3 of 8 — 38%,25% — 2 of 8,2 of 2 — 100%,33% — 1 of 3
375,Celta Vigo,Betis,64%,36%,436 of 523 — 83%,74% — 218 of 295,3 of 10 — 30%,40% — 4 of 10,2 of 4 — 50%,66% — 2 of 3
376,Valladolid,Atlético Madrid,48%,52%,340 of 453 — 75%,76% — 371 of 490,4 of 10 — 40%,21% — 3 of 14,1 of 3 — 33%,75% — 3 of 4
377,Eibar,Barcelona,33%,67%,267 of 361 — 74%,87% — 640 of 737,3 of 17 — 18%,43% — 3 of 7,2 of 3 — 66%,100% — 3 of 3
378,Granada,Getafe,39%,61%,171 of 293 — 58%,70% — 315 of 451,2 of 9 — 22%,18% — 2 of 11,2 of 2 — 100%,100% — 2 of 2
379,Sevilla,Alavés,68%,32%,585 of 672 — 87%,71% — 228 of 322,2 of 11 — 18%,18% — 2 of 11,2 of 2 — 100%,50% — 1 of 2
